<?xml version="1.0" encoding="UTF-8"?>
<beans xmlns="http://www.springframework.org/schema/beans"
       xmlns:xsi="http://www.w3.org/2001/XMLSchema-instance"
       xmlns:aop="http://www.springframework.org/schema/aop"
       xmlns:context="http://www.springframework.org/schema/context"
       xmlns:mvc="http://www.springframework.org/schema/mvc"
       xsi:schemaLocation="http://www.springframework.org/schema/beans
	http://www.springframework.org/schema/beans/spring-beans.xsd
		http://www.springframework.org/schema/context
		http://www.springframework.org/schema/context/spring-context.xsd
		http://www.springframework.org/schema/mvc
		http://www.springframework.org/schema/mvc/spring-mvc.xsd">
    <!--配置控制器，映射为/helloController -->
    <!--    <bean name="/login" class="com.ablaze.controller.LoginController"></bean>
        <bean name="/register" class="com.ablaze.controller.RegisterController"></bean>-->
    <context:component-scan base-package="com.ablaze.controller"/>
    <mvc:annotation-driven></mvc:annotation-driven>
    <bean class="org.springframework.web.servlet.view.InternalResourceViewResolver">
        <property name="prefix" value="/jsp/"/>
        <property name="suffix" value=".jsp"/>
    </bean>
    <mvc:resources mapping="/imgs/**" location="/imgs/"/>
    <mvc:resources mapping="/css/**" location="/css/"/>
</beans>
